longitude,latitude
100.35324782478249,-0.9724347434743452
100.35317281728172,-0.9722097209720955
100.35294779477948,-0.9718346834683531
100.35287278727871,-0.9717596759675913
100.35279777977796,-0.9716846684668548
100.35272277227725,-0.9716096609660939
100.35264776477649,-0.9715346534653423
100.35257275727572,-0.9714596459646009
100.35249774977498,-0.9713096309630957
100.35242274227424,-0.9711596159615923
100.35242274227424,-0.971084608460851
100.35242274227424,-0.9710096009600947
100.35242274227424,-0.9709345934593411
100.35242274227424,-0.9708595859585891
100.35242274227424,-0.9707845784578397
100.35242274227424,-0.970709570957092
100.35242274227424,-0.970634563456347
100.35242274227424,-0.9705595559556037
100.35242274227424,-0.9704845484548458
100.35242274227424,-0.9704095409540903
100.35242274227424,-0.9703345334533534
100.35242274227424,-0.9702595259526022
100.35167266726674,-0.9693594359435997
100.35159765976597,-0.9689843984398507
100.35152265226525,-0.968759375937594
100.35084758475848,-0.968159315931585
100.35002250225024,-0.9681593159315894
100.34987248724872,-0.9682343234323384
100.34964746474648,-0.9683093309330908
100.34942244224422,-0.96838433843384
100.34927242724272,-0.9684593459345988
100.34897239723972,-0.9685343534353472
100.34874737473748,-0.9686093609360992
100.34867236723673,-0.9686093609360857
100.34807230723072,-0.968834383438338
100.34792229222924,-0.9689093909391013
100.34784728472847,-0.9689093909391007
100.34777227722772,-0.9689093909390949
100.34769726972698,-0.9689093909391003
100.34762226222622,-0.9689093909391003
100.34754725472548,-0.9687593759375879
100.34754725472548,-0.9686843684368458
100.34754725472548,-0.9686093609360891
100.34747224722472,-0.9670342034203407
100.34739723972396,-0.966959195919593
100.34732223222322,-0.9668841884188478
100.34724722472248,-0.9667341734173415
100.34732223222322,-0.9668091809180974
100.34762226222622,-0.9670342034203342
100.34769726972698,-0.9671092109210975
100.34777227722772,-0.9671842184218451
100.34792229222924,-0.9674092409240964
100.34799729972995,-0.9674842484248466
100.34807230723072,-0.9675592559255966
100.34814731473148,-0.9676342634263457
100.34949744974496,-0.9683093309330876
100.34964746474648,-0.96823432343234
100.34987248724872,-0.968159315931599
100.35002250225024,-0.968084308430842
100.35024752475248,-0.9679342934293502
100.35039753975396,-0.9678592859285845
100.35062256225622,-0.9664341434143435
100.35062256225622,-0.9663591359135963
100.35062256225622,-0.9662841284128344
100.35062256225622,-0.966209120912092
100.35062256225622,-0.9661341134113345
100.35062256225622,-0.9660591059105964
100.35069756975696,-0.9659840984098399
100.35084758475848,-0.9657590759075958
100.35092259225922,-0.9655340534053387
100.35077257725771,-0.9646339633963461
100.35062256225622,-0.9644089408940855
100.35024752475248,-0.9639588958895954
100.35002250225024,-0.9638088808880835
100.34942244224422,-0.9637338733873413
100.34912241224124,-0.963808880888083
100.34882238223824,-0.9638838883888468
100.34874737473748,-0.9638838883888372
100.34867236723673,-0.9638838883888307
100.34859735973598,-0.9638838883888452
100.34889738973898,-0.9638088808880876
100.34919741974196,-0.9637338733873317
100.34949744974496,-0.9636588658865839
100.34964746474648,-0.963583858385844
100.34972247224722,-0.9635838583858369
100.34979747974798,-0.9635838583858335
100.34987248724872,-0.9635838583858337
100.35002250225024,-0.9636588658865892
100.35009750975098,-0.9637338733873398
100.35017251725172,-0.9638088808880888
100.35039753975396,-0.9639588958895878
100.35159765976597,-0.9638838883888432
100.35167266726674,-0.9638088808880813
100.35182268226822,-0.9636588658865964
100.35189768976898,-0.9635838583858405
100.35212271227122,-0.963208820882086
100.35227272727272,-0.9629837983798304
100.35234773477347,-0.9629087908790931
100.35257275727572,-0.9624587458745918
100.35264776477649,-0.9623087308730891
100.35272277227725,-0.9619336933693422
100.35272277227725,-0.9618586858685946
100.35279777977796,-0.9616336633663395
100.35287278727871,-0.9614836483648298
100.35294779477948,-0.9611086108610836
100.35294779477948,-0.9610336033603372
100.35294779477948,-0.9609585958595935
100.35294779477948,-0.9608835883588356
100.35294779477948,-0.9608085808580796
100.35294779477948,-0.9607335733573436
100.35294779477948,-0.9606585658565928
100.35294779477948,-0.9605835583558278
100.35294779477948,-0.9605085508550821
100.35294779477948,-0.9604335433543387
100.35302280228022,-0.9599834983498301
100.35302280228022,-0.9599084908490789
100.35302280228022,-0.959833483348331
100.35302280228022,-0.9597584758475851
100.35302280228022,-0.9596834683468417
100.35302280228022,-0.959233423342334
100.35302280228022,-0.9591584158415916
100.35302280228022,-0.9590834083408346
100.35309780978098,-0.9587083708370787
100.35309780978098,-0.958633363336329
100.35309780978098,-0.9585583558355821
100.35302280228022,-0.9581833183318337
100.35309780978098,-0.9578832883288385
100.35309780978098,-0.9574332433243296
100.35309780978098,-0.9573582358235895
100.35309780978098,-0.9572832283228357
100.35309780978098,-0.957208220822085
100.35302280228022,-0.9568331833183269
100.35302280228022,-0.9567581758175825
100.35302280228022,-0.956383138313832
100.35294779477948,-0.9561581158115849
100.35294779477948,-0.9560831083108388
100.35279777977796,-0.9555580558055837
100.35279777977796,-0.9550330033003267
100.35279777977796,-0.9549579957995865
100.35279777977796,-0.9548829882988323
100.35279777977796,-0.9548079807980804
100.35279777977796,-0.9547329732973314
100.35279777977796,-0.9546579657965848
100.35279777977796,-0.9545829582958245
100.35279777977796,-0.9545079507950831
100.35272277227725,-0.9541329132913278
100.35264776477649,-0.9539828982898289
100.35257275727572,-0.9536078607860706
100.35257275727572,-0.9535328532853234
100.35257275727572,-0.953457845784579
100.35257275727572,-0.9533828382838201
100.35249774977498,-0.952932793279322
100.35249774977498,-0.9528577857785743
100.35242274227424,-0.9524827482748341
100.35227272727272,-0.9521827182718312
100.35219771977198,-0.9518826882688254
100.35212271227122,-0.951657665766584
100.35212271227122,-0.9515826582658294
100.35212271227122,-0.9515076507650773
100.35204770477048,-0.9511326132613185
100.35197269726973,-0.9509075907590803
100.35197269726973,-0.9508325832583228
100.35197269726973,-0.9505325532553193
100.35189768976898,-0.9502325232523225
100.35189768976898,-0.9501575157515832
100.35189768976898,-0.9500825082508301
100.35189768976898,-0.9500075007500793
100.35189768976898,-0.9498574857485701
100.35189768976898,-0.949782478247828
100.35189768976898,-0.9497074707470723
100.35189768976898,-0.9496324632463186
100.35182268226822,-0.9492574257425808
100.35174767476748,-0.9488823882388258
100.35174767476748,-0.9488073807380738
100.35174767476748,-0.9487323732373244
100.35182268226822,-0.9483573357335693
100.35182268226822,-0.9482823282328275
100.35182268226822,-0.9482073207320711
100.35182268226822,-0.948132313231318
100.35182268226822,-0.9480573057305675
100.35182268226822,-0.94798229822982
100.35182268226822,-0.9479072907290756
100.35174767476748,-0.9475322532253265
100.35174767476748,-0.947457245724576
100.35174767476748,-0.9473822382238284
100.35174767476748,-0.9473072307230667
100.35174767476748,-0.9472322232223253
100.35174767476748,-0.9471572157215693
100.35174767476748,-0.9470822082208161
100.35174767476748,-0.9470072007200666
100.35174767476748,-0.9469321932193195
100.35174767476748,-0.9468571857185758
100.35174767476748,-0.9467821782178176
100.35167266726674,-0.9464071407140715
100.35159765976597,-0.9461821182118199
100.35159765976597,-0.9461071107110758
100.35159765976597,-0.9460321032103177
100.35152265226525,-0.9456570657065756
100.35152265226525,-0.9455820582058123
100.35152265226525,-0.9455070507050685
100.35144764476448,-0.9451320132013243
100.35144764476448,-0.9450570057005759
100.35144764476448,-0.9449819981998134
100.35144764476448,-0.9449069906990708
100.35144764476448,-0.9448319831983139
100.35144764476448,-0.9447569756975772
100.35144764476448,-0.9446819681968269
100.35137263726372,-0.9443069306930693
100.35137263726372,-0.9442319231923137
100.35137263726372,-0.9441569156915619
100.35137263726372,-0.944081908190813
100.35137263726372,-0.9440069006900662
100.35137263726372,-0.943856885688566
100.35137263726372,-0.9437818781878119
100.35137263726372,-0.9437068706870609
100.35137263726372,-0.9436318631863133
100.35137263726372,-0.9435568556855679
100.35137263726372,-0.9434818481848265
100.35137263726372,-0.9434068406840705
100.35137263726372,-0.9433318331833179
100.35137263726372,-0.9432568256825684
100.35137263726372,-0.943181818181822
100.35137263726372,-0.9431068106810615
100.35137263726372,-0.9430318031803209
100.35137263726372,-0.9429567956795665
100.35137263726372,-0.9428817881788155
100.35137263726372,-0.9428067806780673
100.35137263726372,-0.9427317731773224
100.35137263726372,-0.9426567656765632
100.35137263726372,-0.9425817581758243
100.35129762976298,-0.9422067206720671
100.35129762976298,-0.9421317131713242
100.35129762976298,-0.9420567056705668
100.35129762976298,-0.9419816981698133
100.35129762976298,-0.9419066906690624
100.35129762976298,-0.9418316831683151
100.35129762976298,-0.9417566756675703
100.35129762976298,-0.941681668166812
100.35129762976298,-0.9416066606660737
100.35129762976298,-0.9415316531653213
100.35129762976298,-0.9414566456645721
100.35122262226224,-0.9410816081608216
100.35114761476147,-0.9408565856585633
100.35114761476147,-0.940781578157814
100.35114761476147,-0.940706570657068
100.35114761476147,-0.9406315631563082
100.35114761476147,-0.9405565556555683
100.35114761476147,-0.9404815481548151
100.35114761476147,-0.9401065106510609
100.35114761476147,-0.9400315031503097
100.35114761476147,-0.9399564956495611
100.35107260726072,-0.9395814581458084
100.35107260726072,-0.9395064506450567
100.35107260726072,-0.9394314431443083
100.35107260726072,-0.9393564356435631
100.35107260726072,-0.939281428142821
100.35107260726072,-0.9391314131413125
100.35099759975999,-0.938831383138318
100.35099759975999,-0.9381563156315692
100.35092259225922,-0.9377812781278082
100.35084758475848,-0.9374812481248193
100.35077257725771,-0.9373312331233076
100.35077257725771,-0.9372562256225637
100.35077257725771,-0.937181218121807
100.35077257725771,-0.9371062106210696
100.35062256225622,-0.9365811581158188
100.35062256225622,-0.9358310831083064
100.35054755475548,-0.9351560156015529
100.35054755475548,-0.9350810081008059
100.35054755475548,-0.9345559555955533
100.35039753975396,-0.934255925592559
100.35032253225324,-0.9339558955895628
100.35024752475248,-0.93373087308731
100.35017251725172,-0.9335058505850506
100.35009750975098,-0.9332808280828039
100.35002250225024,-0.9330558055805546
100.34994749474949,-0.9329057905790652
100.34987248724872,-0.9326057605760497
100.34979747974798,-0.9323807380738147
100.34919741974196,-0.9318556855685625
100.34912241224124,-0.931780678067811
100.34904740474047,-0.9317056705670494
100.34897239723972,-0.931480648064806
100.34889738973898,-0.931330633063301
100.34889738973898,-0.9312556255625575
100.34889738973898,-0.9311806180618006
100.34889738973898,-0.9311056105610643
100.34889738973898,-0.9310306030603142
100.34972247224722,-0.9300555055505532
100.34964746474648,-0.929755475547556
100.34957245724571,-0.92953045304531
100.34957245724571,-0.9294554455445515
100.34957245724571,-0.9293804380437972
100.34957245724571,-0.9293054305430627
100.34957245724571,-0.9292304230422979
100.34957245724571,-0.9291554155415535
100.34957245724571,-0.929080408040796
100.34957245724571,-0.9290054005400582
100.34957245724571,-0.9289303930393079
100.34957245724571,-0.9288553855385607
100.34957245724571,-0.9287803780378002
100.34957245724571,-0.9287053705370599
100.34957245724571,-0.9286303630363064
100.34957245724571,-0.9285553555355566
100.34957245724571,-0.9284803480348098
100.34957245724571,-0.9284053405340499
100.34957245724571,-0.9283303330333108
100.34957245724571,-0.9282553255325581
100.34957245724571,-0.9281803180318087
100.34957245724571,-0.9281053105310462
100.34957245724571,-0.9280303030303038
100.34957245724571,-0.9279552955295485
100.34957245724571,-0.9278802880287966
100.34964746474648,-0.9275052505250587
100.34964746474648,-0.927430243024297
100.34964746474648,-0.9273552355235561
100.34964746474648,-0.9272802280228016
100.34964746474648,-0.9272052205220512
100.34964746474648,-0.9271302130213035
100.34964746474648,-0.9270552055205599
100.34964746474648,-0.9269801980198031
100.34964746474648,-0.92690519051905
100.34957245724571,-0.9265301530152965
100.34957245724571,-0.926455145514545
100.34957245724571,-0.9263801380137971
100.34979747974798,-0.9256300630063051
100.34979747974798,-0.9255550555055548
100.34979747974798,-0.9254800480048088
100.34979747974798,-0.925405040504049
100.34972247224722,-0.9248049804980576
100.34972247224722,-0.9247299729972943
100.34972247224722,-0.9246549654965509
100.34972247224722,-0.9245799579957944
100.34964746474648,-0.9242049204920513
100.34964746474648,-0.9241299129912971
100.34964746474648,-0.9240549054905464
100.34957245724571,-0.9236798679867996
100.34957245724571,-0.9236048604860514
100.34949744974496,-0.9232298229823047
100.34949744974496,-0.9231548154815419
100.34942244224422,-0.9227797779777985
100.34934743474348,-0.9224797479747926
100.34927242724272,-0.9221047104710479
100.34919741974196,-0.921879687968789
100.34912241224124,-0.9216546654665417
100.34904740474047,-0.9215046504650501
100.34897239723972,-0.9211296129612937
100.34889738973898,-0.9209045904590493
100.34882238223824,-0.9206795679567888
100.34874737473748,-0.9204545454545463
100.34867236723673,-0.9201545154515536
100.34852235223522,-0.9198544854485425
100.34852235223522,-0.9197794779477897
100.34844734473448,-0.9194044404440412
100.34837233723374,-0.9191794179417957
100.34829732973296,-0.9190294029402892
100.34822232223222,-0.9188793879387922
100.34814731473148,-0.9185793579357923
100.34807230723072,-0.9183543354335457
100.34792229222924,-0.9181293129312933
100.34784728472847,-0.9177542754275437
100.34777227722772,-0.9176042604260405
100.34762226222622,-0.9173042304230477
100.34754725472548,-0.9169291929192988
100.34747224722472,-0.9167791779177867
100.34739723972396,-0.9166291629162937
100.34732223222322,-0.9164041404140391
100.34724722472248,-0.9161791179117931
100.34717221722173,-0.9160291029102962
100.34709720972096,-0.9158040804080412
100.34702220222023,-0.9156540654065488
100.34694719471948,-0.9155040504050469
100.34687218721872,-0.9152790279027884
100.34672217221724,-0.9149789978997982
100.34657215721572,-0.914753975397542
100.34649714971498,-0.9145289528952855
100.34642214221422,-0.9143039303930336
100.34627212721271,-0.9140789078907904
100.34619711971196,-0.9140039003900386
100.34612211221122,-0.9137038703870332
100.34604710471046,-0.9134788478847929
100.34582208220822,-0.9131788178817843
100.34574707470748,-0.9129537953795334
100.34567206720672,-0.9128037803780332
100.34544704470449,-0.9124287428742869
100.34537203720373,-0.9122037203720416
100.34522202220222,-0.9119786978697833
100.34499699969996,-0.9116036603660318
100.34492199219922,-0.911453645364542
100.34484698469846,-0.9113036303630311
100.34469696969697,-0.9110786078607835
100.34454695469547,-0.9108535853585289
100.34447194719472,-0.9107785778577819
100.34439693969397,-0.9105535553555362
100.34424692469248,-0.9103285328532884
100.34409690969098,-0.9101035103510315
100.34402190219022,-0.9100285028502912
100.34387188718873,-0.9097284728472866
100.34364686468646,-0.9093534353435294
100.34357185718572,-0.9092784278427828
100.34349684968495,-0.9092034203420352
100.3434218421842,-0.909128412841287
100.34334683468347,-0.9090534053405378
100.34319681968196,-0.9088283828382772
100.34312181218122,-0.9087533753375415
100.34304680468048,-0.9086783678367903
100.34297179717971,-0.9086033603360402
100.34282178217822,-0.9083783378337846
100.34267176717672,-0.9081533153315288
100.34259675967596,-0.9080033003300372
100.34252175217522,-0.9078532853285298
100.34237173717372,-0.9074782478247814
100.34229672967297,-0.9073282328232848
100.3422217221722,-0.9069531953195318
100.3422217221722,-0.9068781878187748
100.3422217221722,-0.90680318031804
100.3422217221722,-0.9067281728172747
100.3422217221722,-0.9066531653165308
100.3422217221722,-0.9065781578157741
100.3422217221722,-0.9065031503150386
100.3422217221722,-0.9064281428142735
100.3422217221722,-0.9063531353135293
100.3422217221722,-0.9062781278127728
100.3422217221722,-0.9062031203120375
100.34229672967297,-0.906128112811276
100.34237173717372,-0.9060531053105354
100.34244674467446,-0.9059780978097819
100.34252175217522,-0.9059030903090327
100.34259675967596,-0.9058280828082881
100.34267176717672,-0.9057530753075319
100.34289678967896,-0.9056030603060286
100.34297179717971,-0.9055280528052846
100.34349684968495,-0.9053030303030267
100.34417191719172,-0.9038778877887839
100.34417191719172,-0.9038028802880238
100.34417191719172,-0.903727872787285
100.34417191719172,-0.9036528652865338
100.34417191719172,-0.903577857785787
100.34417191719172,-0.903352835283521
100.34417191719172,-0.9032778277827743
100.34417191719172,-0.9032028202820321
100.34417191719172,-0.9031278127812772
100.34417191719172,-0.9030528052805268
100.34417191719172,-0.9029777977797806
100.34417191719172,-0.9026027602760307
100.34417191719172,-0.9025277527752772
100.34417191719172,-0.9024527452745276
100.34417191719172,-0.9023777377737826
100.34417191719172,-0.9023027302730247
100.34417191719172,-0.9022277227722715
100.34417191719172,-0.9021527152715227
100.34424692469248,-0.9017776777677796
100.34424692469248,-0.901702670267034
100.34424692469248,-0.9016276627662753
100.34424692469248,-0.9015526552655211
100.34424692469248,-0.9014776477647718
100.34424692469248,-0.9014026402640269
100.34424692469248,-0.9013276327632692
100.34424692469248,-0.9012526252625328
100.34424692469248,-0.9011776177617837
100.34417191719172,-0.9008025802580331
100.34417191719172,-0.9007275727572833
100.34417191719172,-0.900652565256521
100.34417191719172,-0.90057755775578
100.34417191719172,-0.9005025502550268
100.34417191719172,-0.9004275427542778
100.34417191719172,-0.9003525352535331
100.34417191719172,-0.9002775277527761
100.34417191719172,-0.9002025202520234
100.34417191719172,-0.9001275127512753
100.34417191719172,-0.9000525052505317
100.34417191719172,-0.8999774977497754
100.34417191719172,-0.8999024902490238
100.34417191719172,-0.8998274827482766
100.34417191719172,-0.8997524752475168
100.34417191719172,-0.8996774677467787
100.34417191719172,-0.8996024602460275
100.34417191719172,-0.8995274527452813
100.34424692469248,-0.899152415241531
100.34424692469248,-0.8990774077407712
100.34424692469248,-0.8990024002400162
100.34417191719172,-0.8986273627362683
100.34417191719172,-0.8985523552355292
100.34424692469248,-0.8981773177317679
100.34424692469248,-0.8981023102310157
100.34424692469248,-0.8978022802280188
100.34424692469248,-0.8977272727272724
100.34424692469248,-0.8976522652265305
100.34424692469248,-0.8975772577257763
100.34424692469248,-0.8975022502250266
100.34424692469248,-0.8974272427242647
100.34424692469248,-0.8973522352235239
100.34424692469248,-0.8969021902190231
100.34417191719172,-0.8965271527152755
100.34417191719172,-0.8964521452145281
100.34417191719172,-0.8963771377137685
100.34417191719172,-0.8963021302130135
100.34417191719172,-0.8962271227122629
100.34417191719172,-0.8961521152115167
100.34417191719172,-0.8960771077107755
100.34417191719172,-0.8960021002100219
100.34417191719172,-0.8959270927092727
100.34417191719172,-0.895852085208528
100.34417191719172,-0.8957770777077712
100.34417191719172,-0.8957020702070189
100.34417191719172,-0.8956270627062715
100.34417191719172,-0.895552055205528
100.34417191719172,-0.8954770477047727
100.34417191719172,-0.8954020402040219
100.34417191719172,-0.8953270327032755
100.34417191719172,-0.8952520252025172
100.34409690969098,-0.8948769876987743
100.34409690969098,-0.8948019801980162
100.34409690969098,-0.8947269726972623
100.34409690969098,-0.8946519651965135
100.34409690969098,-0.8943519351935134
100.34402190219022,-0.8940519051905275
100.34402190219022,-0.8939768976897757
100.34402190219022,-0.8939018901890123
100.34402190219022,-0.8938268826882702
100.34402190219022,-0.8937518751875158
100.34402190219022,-0.8936768676867664
100.34402190219022,-0.8936018601860211
100.34402190219022,-0.8935268526852638
100.34402190219022,-0.8934518451845114
100.34394689468948,-0.893076807680768
100.34394689468948,-0.8930018001800164
100.34387188718873,-0.8926267626762759
100.34387188718873,-0.8925517551755257
100.34387188718873,-0.8924767476747629
100.34387188718873,-0.8924017401740217
100.34387188718873,-0.8923267326732685
100.34387188718873,-0.8922517251725197
100.34387188718873,-0.8921767176717591
100.34387188718873,-0.8921017101710197
100.34379687968796,-0.8917266726672658
100.34372187218723,-0.8913516351635081
100.34372187218723,-0.8912766276627673
100.34372187218723,-0.8912016201620142
100.34372187218723,-0.8911266126612662
100.34364686468646,-0.8907515751575148
100.34357185718572,-0.8905265526552596
100.34357185718572,-0.8904515451545179
100.34357185718572,-0.8903765376537642
100.34357185718572,-0.8903015301530156
100.34349684968495,-0.8899264926492657
100.3434218421842,-0.8896264626462584
100.3434218421842,-0.8895514551455217
100.3434218421842,-0.889476447644773
100.3434218421842,-0.889401440144012
100.34334683468347,-0.8890264026402717
100.34327182718272,-0.8888013801380088
100.34319681968196,-0.8884263426342613
100.34319681968196,-0.8883513351335068
100.34312181218122,-0.8879762976297558
100.34304680468048,-0.8876762676267616
100.34297179717971,-0.887451245124511
100.34289678967896,-0.8871512151215094
100.34282178217822,-0.8870012001200094
100.34274677467748,-0.8867011701170122
100.34267176717672,-0.8864761476147677
100.34259675967596,-0.8861761176117581
100.34252175217522,-0.8860261026102595
100.34244674467446,-0.8858010801080155
100.34237173717372,-0.8856510651065046
100.34229672967297,-0.8853510351035021
100.3422217221722,-0.8852010201020016
100.3421467146715,-0.8849009900990087
100.34207170717073,-0.8847509750975062
100.34192169216922,-0.8843759375937676
100.34184668466848,-0.884000900090003
100.34177167716771,-0.8838508850885096
100.34169666966696,-0.8836258625862531
100.34169666966696,-0.8835508550855103
100.34162166216622,-0.8831758175817569
100.34154665466546,-0.8829507950795071
100.34147164716472,-0.8827257725772579
100.3413216321632,-0.8822757275727501
100.34109660966098,-0.8819006900689983
100.34087158715872,-0.8813756375637516
100.34072157215722,-0.8810756075607615
100.34064656465648,-0.8808505850584983
100.34057155715573,-0.88070057005701
100.34042154215422,-0.8804755475547491
100.34027152715272,-0.8802505250525026
100.34019651965195,-0.8801005100510015
100.3401215121512,-0.879875487548753
100.34004650465046,-0.8797254725472472
100.33997149714972,-0.8795754575457624
100.33989648964896,-0.8794254425442485
100.3398214821482,-0.8792754275427569
100.33974647464748,-0.8790504050405118
100.33967146714672,-0.87882538253826
100.33952145214522,-0.8786003600360068
100.33944644464448,-0.8784503450344955
100.33937143714373,-0.8783003300330113
100.33929642964296,-0.8781503150315046
100.33922142214222,-0.8780003000300098
100.33914641464146,-0.8778502850285113
100.33907140714072,-0.8777002700270093
100.3389213921392,-0.8774752475247537
100.33884638463846,-0.8773252325232548
100.33869636963696,-0.8771002100210066
100.3386213621362,-0.877025202520245
100.33839633963396,-0.8765751575157459
100.33832133213322,-0.8764251425142591
100.33817131713172,-0.876200120011993
100.33809630963097,-0.8760501050104968
100.33802130213022,-0.8759000900090081
100.33794629462946,-0.8757500750074937
100.3378712871287,-0.8756000600060053
100.33779627962798,-0.8754500450044926
100.3377212721272,-0.8753000300030073
100.33764626462646,-0.8751500150014998
100.33757125712572,-0.8750000000000043
100.3374212421242,-0.8747749774977575
100.33734623462348,-0.8746249624962577
100.33727122712271,-0.8743999399940077
100.33719621962196,-0.8742499249925004
100.33697119711972,-0.8738748874887489
100.33689618961895,-0.8737998799879937
100.3368211821182,-0.8736498649865025
100.33674617461746,-0.8734248424842475
100.33637113711372,-0.8728997899789979
100.33629612961296,-0.8727497749775054
100.3362211221122,-0.8725997599760053
100.33614611461148,-0.8724497449744981
100.33607110711073,-0.8722997299730015
100.33599609960996,-0.8721497149714995
100.33592109210922,-0.8719996999699927
100.33584608460846,-0.871849684968499
100.33577107710772,-0.8716996699670022
100.33569606960695,-0.8715496549655032
100.33569606960695,-0.8714746474647503
100.33607110711073,-0.8710246024602544
100.33614611461148,-0.8709495949595004
100.33659615961597,-0.8705745574557372
100.33794629462946,-0.8711746174617458
100.33839633963396,-0.8709495949594993
100.33847134713471,-0.8708745874587436
100.33854635463548,-0.87079957995799
100.3386213621362,-0.8707245724572388
100.33877137713772,-0.8704995499550008
100.33899639963995,-0.8699744974497464
100.33907140714072,-0.8698994899490026
100.33959645964596,-0.8700495049505018
100.33967146714672,-0.8700495049504943
100.33974647464748,-0.8700495049505004
100.33899639963995,-0.8706495649565016
100.33884638463846,-0.8708745874587407
100.33877137713772,-0.8709495949594982
100.33869636963696,-0.871024602460242
100.3386213621362,-0.8710996099609883
100.33854635463548,-0.8711746174617535
100.33817131713172,-0.8715496549654976
100.33809630963097,-0.871624662466251
100.33802130213022,-0.8716996699670034
100.33847134713471,-0.8732748274827544
100.3398214821482,-0.8728997899789941
100.33989648964896,-0.8728247824782529
100.33997149714972,-0.8727497749774983
100.34004650465046,-0.8726747674767478
100.34027152715272,-0.8728247824782441
100.34034653465346,-0.8728997899789914
100.34057155715573,-0.8731998199820017
100.34094659465948,-0.8734248424842505
100.3422217221722,-0.8733498349834906
100.34244674467446,-0.873124812481249
100.34267176717672,-0.8729747974797434
100.34274677467748,-0.8730498049804952
100.34282178217822,-0.8731248124812445
100.34289678967896,-0.8731998199819913
100.34297179717971,-0.873274827482752
100.34304680468048,-0.8733498349834922
100.34312181218122,-0.8734248424842458
100.34379687968796,-0.8737248724872534
100.34387188718873,-0.8737248724872566
100.34394689468948,-0.8737248724872498
100.34402190219022,-0.8737248724872506
100.34394689468948,-0.8740999099910075
100.34424692469248,-0.8747749774977428
100.34432193219322,-0.8750750075007424
100.34432193219322,-0.8751500150015059
100.34417191719172,-0.8759750975097542
100.34417191719172,-0.8760501050105004
100.34417191719172,-0.8761251125112518
100.34417191719172,-0.8762001200120085
100.34454695469547,-0.8774002400239985
100.34469696969697,-0.8774752475247509
100.34499699969996,-0.8781503150314978
100.34529702970298,-0.8787503750375059
100.34552205220524,-0.8789003900390093
100.34567206720672,-0.878975397539753
100.34567206720672,-0.8790504050405045
100.34552205220524,-0.8795004500450091
100.34537203720373,-0.8798754875487594
100.34574707470748,-0.8811506150615048
100.34574707470748,-0.8812256225622558
100.34634713471348,-0.8820507050705054
100.34694719471948,-0.8820507050705022
100.34717221722173,-0.8819756975697526
100.34724722472248,-0.8819756975697549
100.34732223222322,-0.8819756975697501
100.34739723972396,-0.883250825082509
100.34747224722472,-0.8833258325832594
100.34792229222924,-0.8839258925892632
100.34792229222924,-0.8840009000900156
100.34784728472847,-0.8845259525952629
100.34784728472847,-0.8846009600960045
100.34784728472847,-0.884675967596768
100.34784728472847,-0.8847509750975023
100.34792229222924,-0.8851260126012556
100.34792229222924,-0.8852010201020027
100.34792229222924,-0.8852760276027551
100.34792229222924,-0.8853510351035121
100.34792229222924,-0.8854260426042572
100.34829732973296,-0.8861761176117648
100.34837233723374,-0.8862511251125164
100.34882238223824,-0.8866261626162623
100.34889738973898,-0.8867011701170083
100.34889738973898,-0.8867761776177625
100.34889738973898,-0.8868511851185044
100.34882238223824,-0.8877512751275137
100.34912241224124,-0.8885013501350054
100.34912241224124,-0.8885763576357688
100.34904740474047,-0.8887263726372645
100.34882238223824,-0.8893264326432648
100.34822232223222,-0.89022652265226
100.34829732973296,-0.8909015901590204
100.34882238223824,-0.8913516351635246
100.34889738973898,-0.8914266426642652
100.34897239723972,-0.8916516651665174
100.34897239723972,-0.8917266726672659
100.34942244224422,-0.8926267626762708
100.34942244224422,-0.8927017701770165
100.34942244224422,-0.8927767776777666
100.34942244224422,-0.8928517851785217
100.34942244224422,-0.8929267926792644
100.34942244224422,-0.8930018001800117
100.34942244224422,-0.8930768076807639
100.34942244224422,-0.8931518151815206
100.34942244224422,-0.8932268226822655
100.34912241224124,-0.893301830183011
100.34859735973598,-0.8943519351935164
100.34859735973598,-0.8944269426942725
100.34852235223522,-0.8945019501950136
100.34844734473448,-0.8945769576957665
100.34829732973296,-0.894801980198022
100.34822232223222,-0.8948769876987631
100.34814731473148,-0.8949519951995144
100.34792229222924,-0.8957020702070189
100.34792229222924,-0.8957770777077625
100.34867236723673,-0.8966771677167703
100.34874737473748,-0.89675217521752
100.34934743474348,-0.8973522352235201
100.34942244224422,-0.8974272427242646
100.34942244224422,-0.8975022502250186
100.34942244224422,-0.897577257725777
100.34942244224422,-0.8976522652265234
100.34904740474047,-0.8980273027302673
100.34859735973598,-0.8983273327332767
100.34852235223522,-0.8984023402340283
100.34829732973296,-0.8993024302430189
100.34829732973296,-0.8993774377437754
100.34829732973296,-0.8999774977497684
100.34829732973296,-0.9000525052505312
100.34829732973296,-0.9001275127512818
100.34822232223222,-0.900427542754277
100.34829732973296,-0.9009525952595259
100.34859735973598,-0.9013276327632735
100.34859735973598,-0.9014026402640279
100.34852235223522,-0.902302730273034
100.34844734473448,-0.9024527452745202
100.34837233723374,-0.9025277527752757
100.34784728472847,-0.903202820282022
100.34897239723972,-0.9042529252925212
100.34889738973898,-0.9043279327932724
100.34882238223824,-0.9044029402940367
100.34852235223522,-0.9056030603060272
100.34859735973598,-0.9059780978097819
100.34852235223522,-0.9060531053105382
100.34837233723374,-0.9062781278127776
100.34829732973296,-0.9063531353135289
100.34807230723072,-0.9077782778277896
100.34822232223222,-0.9080783078307788
100.34867236723673,-0.9085283528352802
100.34867236723673,-0.9086033603360407
100.34867236723673,-0.9086783678367879
100.34859735973598,-0.9092034203420372
100.34859735973598,-0.9092784278427851
100.34919741974196,-0.9103285328532812
100.34927242724272,-0.9104035403540273
100.34934743474348,-0.9105535553555337
100.35017251725172,-0.9116036603660307
100.35032253225324,-0.9118286828682886
100.35069756975696,-0.912503750375035
100.35099759975999,-0.9126537653765432
100.35099759975999,-0.9127287728772908
100.35099759975999,-0.9128037803780435
100.35212271227122,-0.9138538853885451
100.35219771977198,-0.9139288928892944
100.35227272727272,-0.9140789078907838
100.35227272727272,-0.9141539153915333
100.35227272727272,-0.9142289228922865
100.35227272727272,-0.9143039303930433
100.35227272727272,-0.9143789378937877
100.35189768976898,-0.9146039603960341
100.35174767476748,-0.9157290729072841
100.35257275727572,-0.9168541854185477
100.35287278727871,-0.9170042004200482
100.35309780978098,-0.9175292529252992
100.35309780978098,-0.917604260426038
100.35392289228923,-0.9187293729372925
100.35392289228923,-0.9188043804380379
100.35384788478848,-0.9188793879387909
100.35362286228624,-0.9192544254425529
100.35287278727871,-0.920304530453052
100.35287278727871,-0.9203795379537909
100.35339783978398,-0.9212046204620512
100.35332283228324,-0.9212796279628008
100.35302280228022,-0.9214296429643003
100.35279777977796,-0.9229297929793027
100.35362286228624,-0.9232298229822924
100.35369786978698,-0.9232298229822972
100.35407290729071,-0.9231548154815502
100.35414791479148,-0.923154815481552
100.35437293729372,-0.9232298229822948
100.35444794479449,-0.9233048304830541
100.35452295229524,-0.9233798379838009
100.35452295229524,-0.9242799279927982
100.35452295229524,-0.9243549354935492
100.35467296729674,-0.9250300030003031
100.35437293729372,-0.9254050405040553
100.35564806480647,-0.926605160516052
100.35572307230724,-0.9266051605160565
100.35579807980798,-0.9266051605160441
100.35587308730874,-0.9266051605160491
100.35594809480949,-0.926605160516054
100.35602310231025,-0.926605160516059
100.356098109811,-0.9266051605160482
100.35617311731173,-0.9266051605160537
100.35624812481248,-0.9266051605160595
100.35662316231624,-0.926530153015298
100.35669816981698,-0.9265301530153035
100.35677317731772,-0.926530153015309
100.35684818481847,-0.9265301530152983
100.35692319231924,-0.9265301530153046
100.35699819981998,-0.9265301530152947
100.35737323732371,-0.9264551455145473
100.35744824482448,-0.9264551455145551
100.35752325232524,-0.9264551455145473
100.35759825982599,-0.9264551455145567
100.35767326732672,-0.9264551455145493
100.35774827482749,-0.9265301530152965
100.35774827482749,-0.9266051605160537
100.35759825982599,-0.9266801680167946
100.35707320732074,-0.9268301830183006
100.35699819981998,-0.9268301830183061
100.35692319231924,-0.9268301830182938
100.35684818481847,-0.926830183018299
100.35677317731772,-0.9268301830183036
100.35669816981698,-0.9268301830183081
100.35632313231324,-0.926905190519044
100.35624812481248,-0.9269051905190449
100.35617311731173,-0.9269051905190456
100.356098109811,-0.9269051905190459
100.35587308730874,-0.9269051905190449
100.35549804980498,-0.9269801980198075
100.35534803480348,-0.9270552055205435
100.35527302730272,-0.9270552055205488
100.354897989799,-0.9270552055205515
100.35482298229824,-0.9270552055205538
100.35474797479748,-0.9270552055205553
100.35467296729674,-0.9270552055205563
100.35459795979598,-0.9270552055205569
100.35422292229222,-0.9271302130212952
100.35414791479148,-0.9271302130213033
100.35407290729071,-0.927130213021294
100.35369786978698,-0.9272052205220562
100.35339783978398,-0.9272802280227975
100.35264776477649,-0.9277302730273097
100.35257275727572,-0.9278052805280481
100.35227272727272,-0.9293804380438119
100.35249774977498,-0.9297554755475509
100.35264776477649,-0.9301305130512978
100.35272277227725,-0.9302805280528027
100.35354785478548,-0.9308055805580638
100.35362286228624,-0.9308055805580561
100.35407290729071,-0.9309555955595628
100.35399789978996,-0.9309555955595497
100.35392289228923,-0.9309555955595632
100.35384788478848,-0.9309555955595519
100.35377287728772,-0.9309555955595504
100.35302280228022,-0.9309555955595569
100.35234773477347,-0.9314806480648146
100.35227272727272,-0.9322307230723
100.35317281728172,-0.9329807980798134
100.35324782478249,-0.9331308130813067
100.35384788478848,-0.933955895589562
100.35429792979299,-0.9347059705970657
100.35437293729372,-0.9347809780978098
100.35437293729372,-0.9348559855985675
100.35467296729674,-0.936281128112818
100.35467296729674,-0.936356135613563
100.35467296729674,-0.9364311431143112
100.35459795979598,-0.9365061506150686
100.35452295229524,-0.936581158115819
100.35444794479449,-0.9366561656165607
100.35437293729372,-0.9367311731173114
100.35407290729071,-0.9374062406240649
100.35407290729071,-0.937481248124813
100.35407290729071,-0.9376312631263182
100.35407290729071,-0.9384563456345582
100.35407290729071,-0.9385313531353173
100.35407290729071,-0.9386063606360625
100.35399789978996,-0.9391314131413064
100.35414791479148,-0.9397314731473185
100.35414791479148,-0.9398064806480707
100.35407290729071,-0.9402565256525633
100.35407290729071,-0.940331533153315
100.35407290729071,-0.9404065406540693
100.35407290729071,-0.9404815481548098
100.35399789978996,-0.9413066306630661
100.35399789978996,-0.9413816381638211
100.35392289228923,-0.94235673567357
100.35452295229524,-0.9429567956795667
100.35467296729674,-0.9430318031803131
100.35557305730572,-0.9430318031803206
100.35564806480647,-0.9430318031803111
100.35572307230724,-0.9430318031803239
100.35579807980798,-0.9430318031803256
100.35587308730874,-0.9430318031803159
100.35594809480949,-0.9431068106810759
100.356098109811,-0.9434068406840663
100.35617311731173,-0.9437818781878105
100.35624812481248,-0.9439318931893181
100.35722322232223,-0.944606960696071
100.357298229823,-0.9446069606960652
100.35737323732371,-0.9446069606960625
100.35744824482448,-0.9446819681968253
100.35744824482448,-0.9447569756975739
100.35737323732371,-0.9451320132013248
100.35737323732371,-0.9452070207020743
100.35744824482448,-0.9457320732073276
100.35744824482448,-0.9458070807080675
100.35744824482448,-0.9458820882088277
100.35737323732371,-0.9459570957095638
100.357298229823,-0.9460321032103185
100.35662316231624,-0.946932193219321
100.35662316231624,-0.9470072007200782
100.35662316231624,-0.9470822082208216
100.35654815481548,-0.9470822082208211
100.35512301230123,-0.9476072607260799
100.35504800480048,-0.9476822682268178
100.35459795979598,-0.948657365736581
100.35459795979598,-0.948732373237323
100.35452295229524,-0.9490324032403241
100.35474797479748,-0.9500075007500741
100.35474797479748,-0.9500825082508277
100.35474797479748,-0.9501575157515674
100.35482298229824,-0.9506825682568172
100.35557305730572,-0.9512076207620825
100.35617311731173,-0.9514326432643193
100.35684818481847,-0.9515826582658308
100.35692319231924,-0.9515826582658292
100.35699819981998,-0.9515826582658184
100.35707320732074,-0.9515826582658324
100.35714821482148,-0.9515826582658204
100.35722322232223,-0.9515826582658324
100.35722322232223,-0.9516576657665764
100.35714821482148,-0.9517326732673262
100.35707320732074,-0.951732673267319
100.35699819981998,-0.95173267326732
100.35662316231624,-0.9518076807680708
100.35654815481548,-0.95180768076808
100.35647314731472,-0.9518076807680792
100.35639813981398,-0.9518076807680692
100.35632313231324,-0.9518076807680831
100.35624812481248,-0.9518076807680708
100.35594809480949,-0.9518076807680764
100.35557305730572,-0.9519576957695723
100.35519801980196,-0.9533078307830741
100.35519801980196,-0.9533828382838271
100.35519801980196,-0.9534578457845831
100.35519801980196,-0.9535328532853248
100.35512301230123,-0.9536078607860752
100.35504800480048,-0.9536078607860857
100.35407290729071,-0.9545829582958275
100.35407290729071,-0.9546579657965797
100.35407290729071,-0.9547329732973345
100.35407290729071,-0.9548079807980754
100.35399789978996,-0.954882988298829
100.35332283228324,-0.9559330933093233
100.35332283228324,-0.9560081008100869
100.35332283228324,-0.9560831083108371
100.35377287728772,-0.9568331833183283
100.35384788478848,-0.9569081908190825
100.35377287728772,-0.9569831983198237
100.35354785478548,-0.9578082808280822
100.35377287728772,-0.9587083708370812
100.35527302730272,-0.9591584158415924
100.35534803480348,-0.9590834083408404
100.35549804980498,-0.9590084008400852
100.35617311731173,-0.958108310831076
100.35632313231324,-0.9580333033303371
100.35639813981398,-0.9580333033303359
100.35647314731472,-0.9580333033303313
100.35767326732672,-0.9576582658265804
100.35774827482749,-0.9575832583258398
100.35782328232824,-0.9575832583258397
100.35782328232824,-0.9576582658265834
100.35782328232824,-0.9577332733273295
100.35782328232824,-0.957808280828078
100.35789828982898,-0.958183318331839
100.35797329732974,-0.9584083408340797
100.35804830483048,-0.9585583558355774
100.35902340234024,-0.9594584458445835
100.35909840984098,-0.9594584458445816
100.35917341734174,-0.9594584458445902
100.35924842484249,-0.9594584458445765
100.35977347734772,-0.9593084308430845
100.35992349234925,-0.9592334233423416
100.36007350735072,-0.9591584158415773
100.36029852985298,-0.9591584158415891
100.36082358235824,-0.9589333933393277
100.36104860486049,-0.9586333633363393
100.36119861986198,-0.9581083108310833
100.36119861986198,-0.9580333033303265
100.36119861986198,-0.9574332433243309
100.36119861986198,-0.9573582358235806
100.36149864986498,-0.9569831983198329
100.3616486648665,-0.9566831683168238
100.36172367236723,-0.9566831683168308
100.361798679868,-0.956683168316836
100.36187368736874,-0.9567581758175754
100.3616486648665,-0.9573582358235887
100.36157365736575,-0.957733273327329
100.36157365736575,-0.9578082808280782
100.36142364236424,-0.9581833183318317
100.36134863486348,-0.9590084008400847
100.36127362736272,-0.9590834083408284
100.36119861986198,-0.9591584158415811
100.36097359735972,-0.9594584458445781
100.360898589859,-0.9602835283528368
100.360898589859,-0.9603585358535921
100.360898589859,-0.9604335433543334
100.36119861986198,-0.9612586258625898
100.36127362736272,-0.9613336333633324
100.36127362736272,-0.9614086408640937
100.360898589859,-0.9616336633663427
100.36082358235824,-0.9617086708670786
100.36044854485448,-0.9630588058805958
100.361798679868,-0.9637338733873464
100.362098709871,-0.9636588658865817
100.36232373237324,-0.9635838583858312
100.36254875487548,-0.9635088508850961
100.36262376237624,-0.963508850885087
100.362698769877,-0.9635088508850822
100.36277377737774,-0.9635088508850805
100.36247374737474,-0.9635838583858447
100.36224872487249,-0.9636588658865914
100.36202370237024,-0.9637338733873353
100.361798679868,-0.9638088808880898
100.3616486648665,-0.9638838883888428
100.36142364236424,-0.9639588958895922
100.36127362736272,-0.9640339033903391
100.360898589859,-0.9641839183918383
100.36074857485748,-0.9642589258925889
100.36052355235525,-0.9643339333933378
100.36037353735374,-0.9644089408940958
100.36022352235224,-0.9644839483948326
100.36014851485147,-0.9644839483948349
100.35977347734772,-0.9645589558955852
100.35954845484548,-0.9646339633963325
100.35932343234325,-0.9647089708970842
100.35917341734174,-0.9647839783978455
100.35894839483947,-0.9648589858985891
100.35872337233724,-0.9649339933993444
100.35857335733571,-0.9650090009000822
100.35842334233423,-0.9650840084008329
100.35797329732974,-0.9653090309030978
100.35774827482749,-0.9653840384038403
100.35759825982599,-0.9654590459045841
100.35737323732371,-0.9655340534053387
100.35722322232223,-0.9656090609060872
100.35707320732074,-0.9670342034203487
100.35699819981998,-0.96703420342035
100.35662316231624,-0.9671092109210904
100.35632313231324,-0.9671842184218489
100.35624812481248,-0.9671842184218398
100.35617311731173,-0.9671842184218453
100.356098109811,-0.9671842184218481
100.35602310231025,-0.9671842184218489
100.35564806480647,-0.9671842184218484
100.35557305730572,-0.9671842184218343
100.35549804980498,-0.9671842184218348
100.354897989799,-0.9671842184218497
100.35467296729674,-0.967259225922588
100.35437293729372,-0.9673342334233435
100.35429792979299,-0.967334233423343
100.35384788478848,-0.9674092409240841
100.35377287728772,-0.9674092409240919
100.35369786978698,-0.967409240924097
100.35362286228624,-0.9674092409240987
100.35332283228324,-0.9673342334233462
100.35324782478249,-0.9672592259225853
100.35302280228022,-0.9671092109210884
100.35287278727871,-0.967034203420346
100.35257275727572,-0.966959195919597
100.35159765976597,-0.9683093309330923
100.35167266726674,-0.9686843684368488
100.35204770477048,-0.9691344134413489
100.35219771977198,-0.9692094209420944
100.35227272727272,-0.969284428442841
100.35234773477347,-0.9693594359435864
100.35249774977498,-0.9695844584458427
100.35249774977498,-0.9696594659466005
100.35249774977498,-0.9697344734473439
100.35257275727572,-0.9701095109510866
100.35264776477649,-0.9704095409540995
100.35264776477649,-0.9704845484548484
100.35264776477649,-0.9705595559555994
100.35264776477649,-0.9706345634563531
100.35264776477649,-0.9707095709570918
100.35264776477649,-0.9707845784578493
100.35287278727871,-0.9716096609661052
100.35294779477948,-0.9716846684668461
100.35302280228022,-0.9717596759675953
100.35309780978098,-0.9718346834683528
100.35317281728172,-0.9719096909691013
100.35324782478249,-0.9720597059706001
100.35332283228324,-0.9723597359735923
100.35354785478548,-0.9728097809780897
100.35362286228624,-0.9728847884788411
100.35384788478848,-0.973034803480355
100.35399789978996,-0.9731098109810926
100.35414791479148,-0.9733348334833457
100.35422292229222,-0.9734098409840934
100.35504800480048,-0.9739348934893545
100.35512301230123,-0.9739348934893479
100.35549804980498,-0.9740099009900927
100.35579807980798,-0.9740849084908498
100.35594809480949,-0.9741599159916025
100.35632313231324,-0.9742349234923464
100.35639813981398,-0.9742349234923454
100.35692319231924,-0.9743099309930974
100.35699819981998,-0.9743099309930988
100.35707320732074,-0.9743099309931026
100.35744824482448,-0.9742349234923477
100.35752325232524,-0.9742349234923464
100.35759825982599,-0.9742349234923472
100.35767326732672,-0.9742349234923506
100.35774827482749,-0.9742349234923562
100.35782328232824,-0.9742349234923466
100.35789828982898,-0.9743099309930938
100.35797329732974,-0.9743849384938452
100.35804830483048,-0.9745349534953424
100.35827332733275,-0.9750600060006007
100.358498349835,-0.9755100510050958
100.35857335733571,-0.975585058505851
100.35864836483648,-0.9756600660066063
100.35872337233724,-0.975810081008094
100.35917341734174,-0.9764101410141078
100.35924842484249,-0.9764851485148578
100.359398439844,-0.9770102010201035
100.35947344734474,-0.977310231023097
100.35954845484548,-0.9775352535253566
100.35962346234624,-0.9776852685268557
100.35977347734772,-0.9779102910291035
100.35984848484848,-0.9779852985298522
100.35992349234925,-0.9780603060306089
100.35992349234925,-0.9781353135313445
100.35992349234925,-0.9782103210320997
100.35992349234925,-0.978285328532856
100.35992349234925,-0.978435343534359
100.35999849984998,-0.9787353735373502
100.36007350735072,-0.9789603960396016
100.36014851485147,-0.9791854185418569
100.36022352235224,-0.9794854485448536
100.36022352235224,-0.9795604560456106
100.36022352235224,-0.9796354635463518
100.36022352235224,-0.9797104710471124
100.36014851485147,-0.9800855085508507
100.36014851485147,-0.9801605160516098
100.36014851485147,-0.9802355235523537
100.36022352235224,-0.9806105610561129
100.36052355235525,-0.9812856285628538
100.360598559856,-0.9813606360636075
100.36067356735674,-0.9815856585658492
100.360598559856,-0.9816606660666055
100.36052355235525,-0.9817356735673627
100.36104860486049,-0.9832358235823508
100.36112361236124,-0.9833108310831156
100.36112361236124,-0.9833858385838552
100.36104860486049,-0.9834608460846034
100.360898589859,-0.9836108610861151
100.36082358235824,-0.9836858685868602
100.36074857485748,-0.9837608760876035
100.360598559856,-0.9838358835883613
100.35984848484848,-0.984735973597354
100.35984848484848,-0.9854860486048546
100.35977347734772,-0.985711071107109
100.359698469847,-0.9860861086108689
100.359698469847,-0.9861611161116065
100.359698469847,-0.9862361236123628
100.35962346234624,-0.9863861386138536
100.35954845484548,-0.9864611461146092
100.35917341734174,-0.987136213621369
100.358498349835,-0.9880363036303664
100.358498349835,-0.9890114011401101
100.35917341734174,-0.9895364536453674
100.36044854485448,-0.9893864386438712
100.36074857485748,-0.9891614161416074
100.36082358235824,-0.9890864086408605
100.360898589859,-0.9890114011401191
100.36112361236124,-0.9888613861386086
100.36127362736272,-0.988786378637867
100.36149864986498,-0.9887113711371134
100.36157365736575,-0.9887113711371106
100.3616486648665,-0.988786378637869
100.36202370237024,-0.9890864086408655
100.36202370237024,-0.9891614161416225
100.36299879988,-0.9900615061506146
100.36307380738074,-0.9901365136513633
100.36314881488148,-0.9902115211521209
100.36322382238225,-0.9904365436543706
100.36322382238225,-0.9905115511551236
100.36397389738974,-0.9916366636663592
100.36434893489348,-0.9920867086708628
100.36442394239424,-0.9921617161716186
100.36517401740174,-0.9927617761776203
100.365399039904,-0.9928367836783693
100.36547404740476,-0.9929117911791252
100.36562406240624,-0.993136813681367
100.36562406240624,-0.9932118211821112
100.36562406240624,-0.9932868286828743
100.36554905490549,-0.9934368436843615
100.365399039904,-0.9936618661866263
100.3652490249025,-0.9940369036903681
100.36517401740174,-0.9941119111911136
100.36494899489948,-0.9953870387038647
100.36502400240023,-0.9955370537053638
100.3652490249025,-0.9959870987098728
100.36532403240324,-0.99606210621062
100.36554905490549,-0.9962121212121215
100.36562406240624,-0.9962871287128742
100.36562406240624,-0.9963621362136275
100.36562406240624,-0.9964371437143653
100.36554905490549,-0.9965121512151238
100.365399039904,-0.9967371737173658
100.36532403240324,-0.9968871887188779
100.3652490249025,-0.9970372037203774
100.36517401740174,-0.9972622262226262
100.365099009901,-0.9974872487248749
100.36502400240023,-0.9976372637263766
100.36494899489948,-0.9977872787278776
100.36502400240023,-0.9986873687368774
100.36502400240023,-0.9987623762376253
100.36502400240023,-0.9988373837383747
100.36472397239724,-0.9995124512451319
100.36472397239724,-0.9995874587458753
100.36472397239724,-0.9996624662466195
100.36472397239724,-0.999737473747382
100.36464896489647,-0.9998124812481171
100.36457395739572,-0.999887488748869
100.364498949895,-0.99996249624962
100.36472397239724,-0.9993624362436158
100.36472397239724,-0.9992874287428766
100.36472397239724,-0.9992124212421218
100.36472397239724,-0.9991374137413679
100.36472397239724,-0.9984623462346262
100.36472397239724,-0.9983873387338684
100.36472397239724,-0.9983123312331292
100.36472397239724,-0.9982373237323741
100.36479897989798,-0.9979372937293665
100.36494899489948,-0.9977122712271175
100.36502400240023,-0.9975622562256143
100.365099009901,-0.9971872187218788
100.36517401740174,-0.9970372037203723
100.365099009901,-0.995987098709874
100.36502400240023,-0.9958370837083749
100.36494899489948,-0.9956870687068642
100.36479897989798,-0.9953870387038766
100.36472397239724,-0.9951620162016177
100.36464896489647,-0.9949369936993664
100.36457395739572,-0.9946369636963779
100.36412391239124,-0.9936618661866232
100.36397389738974,-0.9935868586858648
100.36374887488748,-0.9935118511851254
100.36352385238524,-0.9934368436843657
100.363298829883,-0.9933618361836243
100.36322382238225,-0.9932868286828641
100.36314881488148,-0.9932118211821235
100.36292379237923,-0.99306180618061
100.3628487848785,-0.9929867986798742
100.36247374737474,-0.9927617761776165
100.36239873987398,-0.9926867686768754
100.361798679868,-0.9921617161716159
100.36172367236723,-0.9920117011701245
100.36082358235824,-0.9912616261626214
100.36074857485748,-0.9912616261626216
100.360598559856,-0.9911866186618616
100.36044854485448,-0.9911116111611102
100.36022352235224,-0.9909615961596209
100.36007350735072,-0.9907365736573737
100.35999849984998,-0.9906615661566074
100.35932343234325,-0.9902865286528632
100.35917341734174,-0.9902115211521191
100.35902340234024,-0.9901365136513666
100.35887338733872,-0.9900615061506074
100.35872337233724,-0.9899864986498597
100.35819831983198,-0.9898364836483609
100.35797329732974,-0.9897614761476063
100.35789828982898,-0.9896864686468582
100.35782328232824,-0.9896114611461205
100.35774827482749,-0.9895364536453598
100.35767326732672,-0.9894614461446104
100.35767326732672,-0.9893864386438612
100.35767326732672,-0.9893114311431133
100.35767326732672,-0.9892364236423674
100.35767326732672,-0.9891614161416059
100.35774827482749,-0.9890114011401189
100.35782328232824,-0.9888613861386146
100.35797329732974,-0.9886363636363565
100.35812331233124,-0.9884113411341096
100.35827332733275,-0.9881863186318625
100.35834833483348,-0.988036303630365
100.35842334233423,-0.9877362736273667
100.358498349835,-0.9873612361236143
100.35857335733571,-0.9871362136213627
100.35864836483648,-0.9869861986198694
100.35872337233724,-0.9868361836183682
100.35879837983798,-0.9864611461146122
100.35879837983798,-0.9863861386138543
100.35894839483947,-0.9860861086108647
100.35902340234024,-0.9857110711071154
100.35909840984098,-0.9853360336033611
100.35924842484249,-0.9848109810981175
100.35932343234325,-0.9845109510951114
100.359398439844,-0.9837608760876124
100.359398439844,-0.983685868586867
100.359398439844,-0.9836108610861065
100.35947344734474,-0.9834608460846157
100.35954845484548,-0.9832358235823505
100.35962346234624,-0.9830108010801061
100.359698469847,-0.9826357635763642
100.35977347734772,-0.982260726072603
100.35984848484848,-0.9817356735673622
100.35992349234925,-0.9815856585658562
100.35999849984998,-0.9812106210621059
100.35999849984998,-0.9811356135613643
100.35999849984998,-0.9810606060606067
100.35999849984998,-0.9809855985598513
100.35999849984998,-0.9809105910590981
100.35999849984998,-0.9804605460545984
100.35999849984998,-0.9803855385538579
100.35999849984998,-0.9803105310531026
100.36007350735072,-0.9799354935493494
100.36007350735072,-0.9798604860486091
100.36007350735072,-0.9797854785478534
100.36007350735072,-0.9797104710470999
100.36007350735072,-0.9792604260426016
100.35999849984998,-0.9788853885388513
100.35992349234925,-0.9786603660366013
100.35984848484848,-0.9783603360336108
100.35962346234624,-0.9779852985298609
100.35954845484548,-0.9779102910291063
100.35947344734474,-0.9778352835283601
100.359398439844,-0.9775352535253483
100.35932343234325,-0.9773852385238573
100.35917341734174,-0.9770852085208582
100.35909840984098,-0.9768601860185968
100.35887338733872,-0.9764101410140973
100.35879837983798,-0.9763351335133461
100.35872337233724,-0.9762601260126093
100.35864836483648,-0.9759600960096042
100.35857335733571,-0.9758100810081076
100.358498349835,-0.9756600660065967
100.35834833483348,-0.9754350435043481
100.35827332733275,-0.9753600360036082
100.35819831983198,-0.9752100210021066
100.35804830483048,-0.974984998499843
100.35677317731772,-0.9746099609960933
100.35669816981698,-0.9746099609961074
100.35662316231624,-0.9746099609961066
100.35639813981398,-0.9744599459946001
100.35617311731173,-0.9743849384938571
100.35587308730874,-0.9743099309930942
100.35572307230724,-0.9742349234923487
100.35534803480348,-0.9741599159916053
100.35527302730272,-0.9741599159915909
100.35519801980196,-0.9741599159915957
100.35482298229824,-0.9740849084908532
100.35474797479748,-0.9740849084908441
100.35467296729674,-0.9740849084908538
100.35452295229524,-0.9740099009901027
100.35444794479449,-0.9739348934893548
100.35429792979299,-0.9737098709871054
100.35414791479148,-0.9734848484848413
100.35407290729071,-0.9734098409840949
100.35399789978996,-0.9733348334833499
100.35392289228923,-0.9732598259826071
100.35384788478848,-0.9731848184818496
100.35377287728772,-0.9731098109810948
100.35369786978698,-0.9730348034803438
100.35362286228624,-0.972959795979596
100.35354785478548,-0.9728847884788524
100.35339783978398,-0.9727347734773449
100.35332283228324,-0.9726597659765988
100.35324782478249,-0.9724347434743452
